DO
$do$
BEGIN
	INSERT INTO public.white_player (white_player_id, white_player_registration_date, white_player_rating)
	VALUES('bourgris1', 
			'1/1/2008',
			'1500');


	INSERT INTO public.black_player (black_player_id, black_player_registration_date, black_player_rating)
	VALUES('a-001', 
			'31/12/2010',
			'1191');


	INSERT INTO public.games(
		game_id,
		white_player_id,
		black_player_id,
		rated,
		start_time,
		end_time,
		number_of_turns,
		game_status,
		winner)
		VALUES(
		'TZJHLljE1',
		'bourgris1',
		'a-001',
		'FALSE',
		'2017-08-31, 23:06:40',
		'2017-08-31, 23:06:40',
		'13',
		'outoftime',
		'white');


	INSERT INTO public.white_player (white_player_id, white_player_registration_date, white_player_rating)
	VALUES('a-002', 
			'1/1/2008',
			'1322');


	INSERT INTO public.black_player (black_player_id, black_player_registration_date, black_player_rating)
	VALUES('skinnerua2', 
			'31/12/2010',
			'1261');


	INSERT INTO public.games(
		game_id,
		white_player_id,
		black_player_id,
		rated,
		start_time,
		end_time,
		number_of_turns,
		game_status,
		winner)
		VALUES(
		'l1NXvwaE2',
		'a-002',
		'skinnerua2',
		'TRUE',
		'2017-08-31, 00:53:20',
		'2017-08-31, 00:53:20',
		'16',
		'resign',
		'black');


	INSERT INTO public.white_player (white_player_id, white_player_registration_date, white_player_rating)
	VALUES('ischia3', 
			'1/1/2008',
			'1496');


	INSERT INTO public.black_player (black_player_id, black_player_registration_date, black_player_rating)
	VALUES('a-003', 
			'31/12/2010',
			'1500');


	INSERT INTO public.games(
		game_id,
		white_player_id,
		black_player_id,
		rated,
		start_time,
		end_time,
		number_of_turns,
		game_status,
		winner)
		VALUES(
		'mIICvQHh3',
		'ischia3',
		'a-003',
		'TRUE',
		'2017-08-31, 00:53:20',
		'2017-08-31, 00:53:20',
		'61',
		'mate',
		'white');


	INSERT INTO public.white_player (white_player_id, white_player_registration_date, white_player_rating)
	VALUES('daniamurashov4', 
			'1/1/2008',
			'1439');


	INSERT INTO public.black_player (black_player_id, black_player_registration_date, black_player_rating)
	VALUES('adivanov20094', 
			'31/12/2010',
			'1454');


	INSERT INTO public.games(
		game_id,
		white_player_id,
		black_player_id,
		rated,
		start_time,
		end_time,
		number_of_turns,
		game_status,
		winner)
		VALUES(
		'kWKvrqYL4',
		'daniamurashov4',
		'adivanov20094',
		'TRUE',
		'2017-08-30, 19:20:00',
		'2017-08-30, 19:20:00',
		'61',
		'mate',
		'white');


	INSERT INTO public.white_player (white_player_id, white_player_registration_date, white_player_rating)
	VALUES('nik2211075', 
			'1/1/2008',
			'1523');


	INSERT INTO public.black_player (black_player_id, black_player_registration_date, black_player_rating)
	VALUES('adivanov20095', 
			'31/12/2010',
			'1469');


	INSERT INTO public.games(
		game_id,
		white_player_id,
		black_player_id,
		rated,
		start_time,
		end_time,
		number_of_turns,
		game_status,
		winner)
		VALUES(
		'9tXo1AUZ5',
		'nik2211075',
		'adivanov20095',
		'TRUE',
		'2017-08-29, 21:06:40',
		'2017-08-29, 21:06:40',
		'95',
		'mate',
		'white');


	INSERT INTO public.white_player (white_player_id, white_player_registration_date, white_player_rating)
	VALUES('trelynn176', 
			'1/1/2008',
			'1250');


	INSERT INTO public.black_player (black_player_id, black_player_registration_date, black_player_rating)
	VALUES('franklin145326', 
			'31/12/2010',
			'1002');


	INSERT INTO public.games(
		game_id,
		white_player_id,
		black_player_id,
		rated,
		start_time,
		end_time,
		number_of_turns,
		game_status,
		winner)
		VALUES(
		'MsoDV9wj6',
		'trelynn176',
		'franklin145326',
		'FALSE',
		'2017-09-01, 07:26:40',
		'2017-09-01, 07:26:40',
		'5',
		'draw',
		'draw');


	INSERT INTO public.white_player (white_player_id, white_player_registration_date, white_player_rating)
	VALUES('capa_jr7', 
			'1/1/2008',
			'1520');


	INSERT INTO public.black_player (black_player_id, black_player_registration_date, black_player_rating)
	VALUES('daniel_likes_chess7', 
			'31/12/2010',
			'1423');


	INSERT INTO public.games(
		game_id,
		white_player_id,
		black_player_id,
		rated,
		start_time,
		end_time,
		number_of_turns,
		game_status,
		winner)
		VALUES(
		'qwU9rasv7',
		'capa_jr7',
		'daniel_likes_chess7',
		'TRUE',
		'2017-09-01, 04:40:00',
		'2017-09-01, 04:40:00',
		'33',
		'resign',
		'white');


	INSERT INTO public.white_player (white_player_id, white_player_registration_date, white_player_rating)
	VALUES('daniel_likes_chess8', 
			'1/1/2008',
			'1413');


	INSERT INTO public.black_player (black_player_id, black_player_registration_date, black_player_rating)
	VALUES('soultego8', 
			'31/12/2010',
			'2108');


	INSERT INTO public.games(
		game_id,
		white_player_id,
		black_player_id,
		rated,
		start_time,
		end_time,
		number_of_turns,
		game_status,
		winner)
	VALUES(
		'RVN0N3VK8',
		'daniel_likes_chess8',
		'soultego8',
		'FALSE',
		'2017-08-25, 19:53:20',
		'2017-08-25, 19:53:20',
		'9',
		'resign',
		'black');


	INSERT INTO public.white_player (white_player_id, white_player_registration_date, white_player_rating)
	VALUES('ehabfanri9', 
			'1/1/2008',
			'1439');


	INSERT INTO public.black_player (black_player_id, black_player_registration_date, black_player_rating)
	VALUES('daniel_likes_chess9', 
			'31/12/2010',
			'1392');


	INSERT INTO public.games(
		game_id,
		white_player_id,
		black_player_id,
		rated,
		start_time,
		end_time,
		number_of_turns,
		game_status,
		winner)
		VALUES(
		'dwF3DJHO9',
		'ehabfanri9',
		'daniel_likes_chess9',
		'TRUE',
		'2017-08-23, 20:40:00',
		'2017-08-23, 20:40:00',
		'66',
		'resign',
		'black');


	INSERT INTO public.white_player (white_player_id, white_player_registration_date, white_player_rating)
	VALUES('daniel_likes_chess10', 
			'1/1/2008',
			'1381');


	INSERT INTO public.black_player (black_player_id, black_player_registration_date, black_player_rating)
	VALUES('mirco2510', 
			'31/12/2010',
			'1209');


	INSERT INTO public.games(
		game_id,
		white_player_id,
		black_player_id,
		rated,
		start_time,
		end_time,
		number_of_turns,
		game_status,
		winner)
		VALUES(
		'afoMwnLg10',
		'daniel_likes_chess10',
		'mirco2510',
		'TRUE',
		'2017-08-23, 01:13:20',
		'2017-08-23, 01:13:20',
		'119',
		'mate',
		'white');
END
$do$;
